ID_CANDIDATO;REMUN_BRUTA_ANUAL_PUBLICA;REMUN_BRUTA_ANUAL_PRIVADA;RENTA_BRUTA_ANUAL_INDIV_PUBLICA;RENTA_BRUTA_ANUAL_INDIV_PRIVADA;OTROS_INGRESOS_ANUALES_PUBLICA;OTROS_INGRESOS_ANUALES_PRIVADA;TOTAL_REMUN_BRUTA_ANUAL;TOTAL_RENTA_BRUTA_ANUAL;TOTAL_OTROS_INGRESOS_ANUALES;TOTAL_GENERAL
160516;245295;16176;0;0;0;0;261471;0;0;261471
160517;117826.06;43945.94;0;222490;0;0;161772;222490;0;384262
160519;250615;0;0;0;0;0;250615;0;0;250615
160520;111747.16;0;0;0;0;0;111747.16;0;0;111747.16
160521;91687;0;0;0;0;0;91687;0;0;91687
160523;364240.8;0;0;0;0;0;364240.8;0;0;364240.8
160524;0;0;85833;184751;0;0;0;270584;0;270584
160525;0;15874;6840;216160;0;0;15874;223000;0;238874
160526;0;0;0;0;0;96000;0;0;96000;96000
160529;0;10920;0;0;0;0;10920;0;0;10920
160530;0;0;36000;0;0;0;0;36000;0;36000
160531;25500;0;0;0;0;0;25500;0;0;25500
160533;97920;0;0;0;0;0;97920;0;0;97920
160534;71791;0;0;2500;0;0;71791;2500;0;74291
160535;0;140000;0;0;0;0;140000;0;0;140000
160536;0;0;0;60000;0;12000;0;60000;12000;72000
160537;0;0;0;17719.27;0;0;0;17719.27;0;17719.27
160539;25500;0;0;0;0;0;25500;0;0;25500
160540;210463.57;0;0;4000;0;0;210463.57;4000;0;214463.57
160541;51000;0;0;0;0;0;51000;0;0;51000
160541;51000;0;0;0;0;0;51000;0;0;51000
160541;51000;0;0;0;0;0;51000;0;0;51000
160541;51000;0;0;0;0;0;51000;0;0;51000
160541;51000;0;0;0;0;0;51000;0;0;51000
160541;51000;0;0;0;0;0;51000;0;0;51000
160541;51000;0;0;0;0;0;51000;0;0;51000
160542;0;11340;0;0;0;0;11340;0;0;11340
160543;48000;0;0;0;0;0;48000;0;0;48000
160544;0;0;0;38400;0;9600;0;38400;9600;48000
160545;90876.89;0;0;0;0;0;90876.89;0;0;90876.89
160546;0;60000;0;0;0;48000;60000;0;48000;108000
160547;6588;0;20096;0;0;0;6588;20096;0;26684
160548;0;0;0;310242;0;36.9;0;310242;36.9;310278.9
160550;0;12000;0;9000;0;6000;12000;9000;6000;27000
158368;48000;0;0;0;0;0;48000;0;0;48000
158369;52737.340000000004;0;0;0;0;0;52737.34;0;0;52737.34
158370;0;41393;38500;86436;0;0;41393;124936;0;166329
158371;0;14400;0;0;0;0;14400;0;0;14400
158372;16600;25601.23;0;0;0;0;42201.23;0;0;42201.23
158373;0;35000;0;0;0;0;35000;0;0;35000
158374;0;30000;0;22800;0;0;30000;22800;0;52800
158375;0;12000;0;0;0;0;12000;0;0;12000
158376;0;38170;0;0;0;0;38170;0;0;38170
158377;25200;0;0;5000;0;0;25200;5000;0;30200
158378;11265;3400;0;0;0;0;14665;0;0;14665
158379;187200;0;0;0;166606;0;187200;0;166606;353806
158380;41597;0;0;0;0;0;41597;0;0;41597
158381;11000;0;0;34405;0;0;11000;34405;0;45405
158382;0;105658.81;0;0;0;0;105658.81;0;0;105658.81
158383;0;11160;0;9000;0;0;11160;9000;0;20160
158384;26400;0;0;0;6000;0;26400;0;6000;32400
158385;0;6500;0;0;0;0;6500;0;0;6500
158386;104072;0;0;0;0;0;104072;0;0;104072
158387;0;15408;0;0;0;0;15408;0;0;15408
158389;31176;0;0;0;0;0;31176;0;0;31176
158393;22200;0;0;0;0;0;22200;0;0;22200
158395;37902;0;700;4400;0;0;37902;5100;0;43002
158396;0;11400;0;0;0;0;11400;0;0;11400
158397;100800;0;0;0;0;0;100800;0;0;100800
158398;0;18000;0;0;0;0;18000;0;0;18000
158399;0;48000;0;0;0;0;48000;0;0;48000
158400;0;0;0;36000;0;0;0;36000;0;36000
158402;0;0;0;25000;0;0;0;25000;0;25000
158403;118740.28;0;38000;2000;0;0;118740.28;40000;0;158740.28
160597;208953;0;0;0;0;0;208953;0;0;208953
160598;0;85916;0;74231.64;0;0;85916;74231.64;0;160147.64
160599;0;48000;0;210000;0;200;48000;210000;200;258200
160603;33600;0;0;0;0;0;33600;0;0;33600
160604;0;21230;0;0;0;0;21230;0;0;21230
160605;0;1200;0;0;0;0;1200;0;0;1200
160606;3542;0;120588;0;0;0;3542;120588;0;124130
160608;0;0;0;60000;0;0;0;60000;0;60000
160609;146679.76;0;0;0;0;243590;146679.76;0;243590;390269.76
160611;109000.43000000001;0;0;0;0;0;109000.43;0;0;109000.43
160612;21000;5000;0;64000;0;0;26000;64000;0;90000
160613;24000;0;0;0;0;0;24000;0;0;24000
160614;50000;9000;0;42000;0;0;59000;42000;0;101000
160615;0;13300;0;10668;0;0;13300;10668;0;23968
160617;70000;0;0;0;0;0;70000;0;0;70000
160618;0;845;0;0;0;0;845;0;0;845
160620;0;0;0;24000;0;0;0;24000;0;24000
160621;0;0;0;10000;0;0;0;10000;0;10000
160623;0;26400;0;0;0;0;26400;0;0;26400
160624;0;15100;0;0;0;0;15100;0;0;15100
160626;0;0;0;28800;0;0;0;28800;0;28800
160628;0;0;0;10000;0;0;0;10000;0;10000
160630;31200;15000;0;0;0;0;46200;0;0;46200
160631;0;0;0;36000;0;0;0;36000;0;36000
159889;0;0;0;0;0;951310;0;0;951310;951310
159891;0;35450;0;77441;0;0;35450;77441;0;112891
159892;0;0;136562;0;0;71260;0;136562;71260;207822
159893;29700;0;0;0;0;0;29700;0;0;29700
159894;0;0;0;0;0;0;0;0;0;0
159895;0;0;0;172606;0;0;0;172606;0;172606
159896;0;177348;0;29200;0;0;177348;29200;0;206548
159897;0;127302;0;0;0;0;127302;0;0;127302
159898;0;35000;0;0;0;186000;35000;0;186000;221000
159899;0;0;0;26380;0;4200;0;26380;4200;30580
159900;0;0;109599;0;0;0;0;109599;0;109599
159901;0;0;0;159530;0;0;0;159530;0;159530
159902;0;60000;0;0;0;60000;60000;0;60000;120000
159903;0;0;116829;0;0;0;0;116829;0;116829
159904;0;0;0;48000;0;0;0;48000;0;48000
159905;0;22262;0;0;0;0;22262;0;0;22262
159907;0;0;0;0;50400;0;0;0;50400;50400
159908;0;13238;0;10000;0;79846;13238;10000;79846;103084
159910;0;1000;0;4500;0;3315;1000;4500;3315;8815
159911;0;0;0;0;0;220000;0;0;220000;220000
159912;0;77122;0;5733;0;0;77122;5733;0;82855
159914;0;0;0;0;0;120000;0;0;120000;120000
159915;0;4788;0;0;0;0;4788;0;0;4788
159916;0;0;0;19510;0;0;0;19510;0;19510
159917;0;1500;0;0;0;0;1500;0;0;1500
159918;0;0;0;40183;0;0;0;40183;0;40183
159919;0;233800;0;0;0;0;233800;0;0;233800
159920;0;0;33600;0;0;0;0;33600;0;33600
159922;0;13090;0;0;0;18000;13090;0;18000;31090
159923;0;0;0;12000;0;0;0;12000;0;12000
159924;0;0;0;12000;0;0;0;12000;0;12000
161412;0;203544;0;3085;0;243724;203544;3085;243724;450353
161413;0;0;0;0;0;130729.36;0;0;130729.36;130729.36
161414;0;0;0;0;100344;0;0;0;100344;100344
161415;0;0;0;26500;0;0;0;26500;0;26500
161416;70976;0;0;0;0;18450;70976;0;18450;89426
161417;356614;5521;0;0;0;0;362135;0;0;362135
161418;276808;0;0;0;91406.40000000001;0;276808;0;91406.4;368214.4
161419;0;488610.08;0;0;0;0;488610.08;0;0;488610.08
161420;0;0;0;36000;0;75600;0;36000;75600;111600
161421;0;490000;0;0;0;0;490000;0;0;490000
161422;0;30659;0;118361;0;0;30659;118361;0;149020
161423;0;0;0;24000;0;0;0;24000;0;24000
161424;28500;24500.97;3560;32808.92;0;0;53000.97;36368.92;0;89369.89
161425;0;0;0;0;0;958984.51;0;0;958984.51;958984.51
161425;0;0;0;0;0;958984.51;0;0;958984.51;958984.51
161427;0;0;0;0;0;500000;0;0;500000;500000
161428;0;10840;53000;0;0;0;10840;53000;0;63840
161429;0;0;0;57174.5;0;0;0;57174.5;0;57174.5
161430;0;0;0;0;0;40000;0;0;40000;40000
161431;0;2340;0;43797;0;0;2340;43797;0;46137
161432;0;0;0;42000;0;0;0;42000;0;42000
161433;0;0;29160;0;0;0;0;29160;0;29160
161434;0;60200;0;0;0;0;60200;0;0;60200
161435;0;81200;0;0;0;0;81200;0;0;81200
161437;0;15600;0;0;0;0;15600;0;0;15600
161438;0;0;0;130000;0;0;0;130000;0;130000
161439;0;0;21840;0;0;0;0;21840;0;21840
161440;0;100800;24810;0;0;0;100800;24810;0;125610
161441;0;0;0;180000;0;0;0;180000;0;180000
161442;0;13020;0;0;0;0;13020;0;0;13020
161443;0;11160;0;0;0;0;11160;0;0;11160
161444;0;0;0;0;0;50000;0;0;50000;50000
161445;0;0;0;0;0;144526.04;0;0;144526.04;144526.04
161446;0;0;0;18000;0;0;0;18000;0;18000
161447;0;0;24000;3000;0;0;0;27000;0;27000
161192;356614;0;5280;0;0;0;356614;5280;0;361894
161193;234000;0;0;52399.92;91406.40000000001;108000;234000;52399.92;199406.4;485806.32
161193;234000;0;0;52399.92;91406.40000000001;108000;234000;52399.92;199406.4;485806.32
161194;144358.87;0;0;0;0;0;144358.87;0;0;144358.87
161195;0;69747;0;0;0;368362;69747;0;368362;438109
161196;25491;0;0;0;0;0;25491;0;0;25491
161197;0;394740;0;0;0;0;394740;0;0;394740
161199;57000;44800;0;0;0;0;101800;0;0;101800
161200;120000;0;0;0;0;0;120000;0;0;120000
161201;0;140000;0;0;0;250000;140000;0;250000;390000
161202;0;4868;0;17200;0;134185;4868;17200;134185;156253
161203;0;0;0;0;28080;0;0;0;28080;28080
161204;0;0;0;5600;0;0;0;5600;0;5600
161205;0;70000;0;0;0;0;70000;0;0;70000
161206;0;0;0;0;0;48000;0;0;48000;48000
161207;0;0;41400;0;0;0;0;41400;0;41400
161208;0;12000;0;12000;0;0;12000;12000;0;24000
161209;31950;0;0;0;0;0;31950;0;0;31950
161210;0;59405.04;21000;7800;0;0;59405.04;28800;0;88205.04
161211;0;60000;0;0;0;0;60000;0;0;60000
161212;0;78696;0;0;0;0;78696;0;0;78696
161213;55269.36;0;0;0;0;0;55269.36;0;0;55269.36
161214;0;79900;0;0;0;0;79900;0;0;79900
161216;0;0;0;24000;0;0;0;24000;0;24000
161217;0;98891.63;0;7270.9400000000005;0;754.02;98891.63;7270.94;754.02;106916.59
161218;2600;0;0;0;0;0;2600;0;0;2600
161219;14400;0;0;0;0;0;14400;0;0;14400
161220;0;0;0;0;0;0;0;0;0;0
161222;0;3000;0;0;0;0;3000;0;0;3000
161223;71820.48;0;0;0;0;0;71820.48;0;0;71820.48
161225;0;40000;0;0;0;0;40000;0;0;40000
161226;0;0;0;24000;0;0;0;24000;0;24000
161227;0;0;0;72000;0;0;0;72000;0;72000
160240;0;0;0;0;0;60000;0;0;60000;60000
160241;0;0;0;18000;0;0;0;18000;0;18000
160242;54000;0;0;0;0;19200;54000;0;19200;73200
160243;12850;800;0;0;0;0;13650;0;0;13650
160244;0;0;0;0;0;150000;0;0;150000;150000
160245;0;0;0;60000;0;0;0;60000;0;60000
160246;0;0;0;69648;0;60981;0;69648;60981;130629
160247;0;0;21060;12000;0;0;0;33060;0;33060
160248;0;0;18216;148124;0;50000;0;166340;50000;216340
160249;0;0;0;30000;0;0;0;30000;0;30000
160251;14400;0;0;30000;0;0;14400;30000;0;44400
160252;0;30000;0;0;0;0;30000;0;0;30000
160254;0;21056;0;42986;0;0;21056;42986;0;64042
160255;0;0;0;24000;0;0;0;24000;0;24000
160256;0;10000;0;0;0;0;10000;0;0;10000
160257;26400;14400;0;0;0;30000;40800;0;30000;70800
160258;0;24000;0;12000;0;0;24000;12000;0;36000
160259;0;0;0;80000;0;0;0;80000;0;80000
160261;0;0;0;30000;0;0;0;30000;0;30000
160262;0;0;0;143468.62;0;0;0;143468.62;0;143468.62
160263;23505.600000000002;0;0;0;0;0;23505.6;0;0;23505.6
160264;0;0;0;14400;0;0;0;14400;0;14400
160265;0;0;0;0;0;14000;0;0;14000;14000
160267;28800;0;0;0;0;0;28800;0;0;28800
160268;0;0;0;30000;0;0;0;30000;0;30000
160270;27000;0;0;10000;0;0;27000;10000;0;37000
160273;0;0;0;48000;0;0;0;48000;0;48000
159241;0;32175;0;0;0;0;32175;0;0;32175
159243;117600;132209;0;0;0;0;249809;0;0;249809
159244;0;97180;0;13526;0;0;97180;13526;0;110706
159245;0;0;0;324692;0;47193.520000000004;0;324692;47193.52;371885.52
159246;0;0;24000;18666.3;0;0;0;42666.3;0;42666.3
159247;0;0;0;0;0;148500;0;0;148500;148500
159249;100344;0;0;0;0;0;100344;0;0;100344
159251;93600;0;0;240000;0;0;93600;240000;0;333600
159252;94866;33444;0;32600;0;0;128310;32600;0;160910
159253;121255.56;39214.700000000004;64381.770000000004;0;0;0;160470.26;64381.77;0;224852.03
159255;0;200000;0;100000;0;50000;200000;100000;50000;350000
159256;0;0;0;0;61050;269206;0;0;330256;330256
159257;88800;0;0;0;0;12000;88800;0;12000;100800
159260;0;12108;0;0;0;0;12108;0;0;12108
159262;0;78718;0;239420;0;46512;78718;239420;46512;364650
159263;0;0;0;0;0;115160;0;0;115160;115160
159264;0;0;0;0;0;82296;0;0;82296;82296
159265;105020.7;0;0;20847.82;0;0;105020.7;20847.82;0;125868.52
159266;46320;0;0;0;0;0;46320;0;0;46320
159267;160287.91;0;0;0;0;0;160287.91;0;0;160287.91
159270;0;0;40000;0;0;0;0;40000;0;40000
159271;0;0;0;60000;0;0;0;60000;0;60000
159272;0;85374;0;5600;0;0;85374;5600;0;90974
159273;0;11900;0;0;0;20453;11900;0;20453;32353
159274;0;70000;0;0;15300;0;70000;0;15300;85300
159275;0;0;0;30000;0;0;0;30000;0;30000
160864;0;140000;0;0;0;0;140000;0;0;140000
160867;0;60000;0;0;0;0;60000;0;0;60000
160875;0;60000;0;0;0;0;60000;0;0;60000
160879;0;90000;0;0;0;0;90000;0;0;90000
160880;0;70000;0;0;0;0;70000;0;0;70000
160883;0;0;0;80000;0;20000;0;80000;20000;100000
160886;0;36000;0;20000;0;0;36000;20000;0;56000
160890;0;0;0;10000;0;0;0;10000;0;10000
160893;0;0;10000;20000;0;0;0;30000;0;30000
160897;0;10920;0;0;0;0;10920;0;0;10920
159929;0;0;0;0;0;736690.96;0;0;736690.96;736690.96
159930;0;0;0;0;35100;14400;0;0;49500;49500
159931;0;0;30000;0;0;0;0;30000;0;30000
159932;0;0;0;0;0;3465320;0;0;3465320;3465320
159934;234000;0;0;0;0;95472;234000;0;95472;329472
159936;0;300000;0;0;0;0;300000;0;0;300000
159937;0;0;70000;236879;0;96979;0;306879;96979;403858
159938;0;13090;0;7273;0;0;13090;7273;0;20363
159939;0;0;0;200000;0;0;0;200000;0;200000
159940;15222;11162;164566;0;23595;14700;26384;164566;38295;229245
159941;0;51782.16;0;0;0;0;51782.16;0;0;51782.16
159943;12000;0;0;12000;0;0;12000;12000;0;24000
159944;0;0;0;0;0;42000;0;0;42000;42000
159945;0;324158;0;29359;0;225422;324158;29359;225422;578939
159946;0;0;0;93332;0;135986;0;93332;135986;229318
159947;0;0;16000;6000;0;150000;0;22000;150000;172000
159950;0;106244.79000000001;0;0;0;0;106244.79;0;0;106244.79
159954;0;138000;0;0;0;0;138000;0;0;138000
159955;0;6000;0;0;0;0;6000;0;0;6000
159956;0;53220;0;5000;0;0;53220;5000;0;58220
159957;0;18000;0;0;0;0;18000;0;0;18000
159958;0;30000;0;0;0;0;30000;0;0;30000
159960;0;0;0;48000;0;0;0;48000;0;48000
159962;0;11160;0;18000;0;0;11160;18000;0;29160
159963;0;120000;0;0;0;0;120000;0;0;120000
161034;99624;0;0;0;0;48686;99624;0;48686;148310
161035;0;0;0;249288;0;0;0;249288;0;249288
161036;0;516877.9;0;0;0;500000;516877.9;0;500000;1016877.9
161037;0;42000;0;0;0;88946;42000;0;88946;130946
161038;21797;168908;73479;0;0;40000;190705;73479;40000;304184
161039;78400;0;0;0;0;0;78400;0;0;78400
161040;0;0;0;11160;0;0;0;11160;0;11160
161041;0;57277.75;0;0;0;0;57277.75;0;0;57277.75
161042;71200;0;0;0;0;0;71200;0;0;71200
161043;0;0;0;34099.05;0;0;0;34099.05;0;34099.05
161044;0;11160;0;0;0;480000;11160;0;480000;491160
161046;0;10840;0;0;0;0;10840;0;0;10840
161046;0;10840;0;0;0;0;10840;0;0;10840
161046;0;10840;0;0;0;0;10840;0;0;10840
161047;0;0;0;12000;0;0;0;12000;0;12000
161048;0;0;0;0;0;54000;0;0;54000;54000
161051;145480.12;41609;0;5015;0;0;187089.12;5015;0;192104.12
161052;60000;0;0;0;0;0;60000;0;0;60000
161053;128311.04000000001;0;0;81600;0;0;128311.04;81600;0;209911.04
161054;0;0;0;15000;0;10000;0;15000;10000;25000
161055;0;0;0;35000;0;192000;0;35000;192000;227000
161056;0;36000;0;0;0;108000;36000;0;108000;144000
161057;0;88814;0;0;0;0;88814;0;0;88814
161058;0;0;1000;37048;30420;0;0;38048;30420;68468
161060;0;24000;0;0;0;158400;24000;0;158400;182400
161061;0;0;0;18000;0;0;0;18000;0;18000
161062;133000;0;0;0;0;0;133000;0;0;133000
161065;0;0;0;0;0;0;0;0;0;0
161065;0;0;0;0;0;0;0;0;0;0
161066;42984.08;44594.96;0;0;0;0;87579.04;0;0;87579.04
161067;0;0;0;0;28080;0;0;0;28080;28080
161068;0;0;0;24000;0;0;0;24000;0;24000
161069;0;144847.13;0;0;0;0;144847.13;0;0;144847.13
160355;0;0;0;36600;0;0;0;36600;0;36600
160357;0;0;0;20000;0;40000;0;20000;40000;60000
160358;0;0;0;18000;0;0;0;18000;0;18000
160359;0;50000;0;0;0;0;50000;0;0;50000
160360;28046.04;0;0;0;0;0;28046.04;0;0;28046.04
160361;0;0;0;60;0;0;0;60;0;60
160362;0;11180;0;15848;0;0;11180;15848;0;27028
160364;0;0;0;25000;0;0;0;25000;0;25000
160365;0;1160;0;0;0;0;1160;0;0;1160
160366;0;0;0;48000;0;0;0;48000;0;48000
160367;0;0;0;15000;0;0;0;15000;0;15000
160368;0;0;0;0;0;20;0;0;20;20
160369;0;0;0;30;0;0;0;30;0;30
160370;0;8000;0;0;0;0;8000;0;0;8000
160371;0;0;0;0;0;18000;0;0;18000;18000
160372;0;0;0;10236;0;0;0;10236;0;10236
160373;0;0;0;18000;0;0;0;18000;0;18000
160375;0;0;0;60;0;0;0;60;0;60
160376;24;0;0;0;0;0;24;0;0;24
160378;0;12000;0;2000;0;0;12000;2000;0;14000
160379;0;0;0;25000;0;0;0;25000;0;25000
160380;0;20;0;0;0;0;20;0;0;20
160381;40981;0;40000;0;0;0;40981;40000;0;80981
160383;0;4781.59;0;0;0;0;4781.59;0;0;4781.59
160384;0;0;0;23000;0;0;0;23000;0;23000
160385;0;45600;0;18000;0;0;45600;18000;0;63600
160386;0;0;0;24;0;0;0;24;0;24
160387;16200;0;0;0;0;202456;16200;0;202456;218656
160388;0;13.02;0;0;0;0;13.02;0;0;13.02
160389;28.8;0;0;0;0;0;28.8;0;0;28.8
160390;0;0;0;15000;0;0;0;15000;0;15000
160806;187200;0;0;0;185014.4;0;187200;0;185014.4;372214.4
160807;356614;26620;0;0;0;41400;383234;0;41400;424634
160808;0;42250;0;158937;0;0;42250;158937;0;201187
160809;187200;0;0;0;91406.40000000001;0;187200;0;91406.4;278606.4
160812;7789;0;0;0;1000;633.44;7789;0;1633.44;9422.44
160816;84752;0;0;800;0;0;84752;800;0;85552
160818;0;36000;0;0;0;180000;36000;0;180000;216000
160819;41568;0;0;0;0;0;41568;0;0;41568
160820;60000;0;0;0;0;0;60000;0;0;60000
160821;0;42000;0;0;0;0;42000;0;0;42000
160822;0;0;0;24000;0;0;0;24000;0;24000
160823;0;0;231650;0;0;0;0;231650;0;231650
160824;0;427293;0;0;0;28800;427293;0;28800;456093
160825;0;197450.84;0;30971;0;0;197450.84;30971;0;228421.84
160826;0;13020;0;0;0;0;13020;0;0;13020
160827;106617;2029;14300;0;0;0;108646;14300;0;122946
160829;0;18000;0;0;0;0;18000;0;0;18000
160831;129121;0;0;4177;0;0;129121;4177;0;133298
160832;0;24000;0;0;0;0;24000;0;0;24000
160833;0;11600;0;0;31395;39000;11600;0;70395;81995
160835;0;18000;0;0;0;0;18000;0;0;18000
160841;0;5095.75;0;0;0;0;5095.75;0;0;5095.75
159832;0;0;0;62000;0;105792;0;62000;105792;167792
159833;0;36000;0;0;0;0;36000;0;0;36000
159834;0;0;0;36000;0;0;0;36000;0;36000
159836;0;60000;0;0;0;0;60000;0;0;60000
159837;0;0;0;18000;0;30000;0;18000;30000;48000
159838;0;0;0;0;0;30000;0;0;30000;30000
159839;0;24000;0;0;0;0;24000;0;0;24000
159840;0;0;0;89513;0;0;0;89513;0;89513
159841;0;18000;0;0;0;0;18000;0;0;18000
159842;27900;0;0;15606;0;0;27900;15606;0;43506
159844;0;0;88755;2400;0;0;0;91155;0;91155
159845;0;0;0;40000;0;0;0;40000;0;40000
159846;0;0;38000;0;0;24000;0;38000;24000;62000
159847;0;0;0;60000;0;0;0;60000;0;60000
159852;0;0;0;24000;0;0;0;24000;0;24000
159853;0;0;0;27600;0;5400;0;27600;5400;33000
159857;19200;0;0;20000;0;36000;19200;20000;36000;75200
159858;102000;0;0;0;750;0;102000;0;750;102750
159860;0;310000;0;0;0;0;310000;0;0;310000
159862;0;0;0;0;0;0;0;0;0;0
159864;0;0;5000;0;0;15000;0;5000;15000;20000
158724;0;0;0;88511;0;0;0;88511;0;88511
158725;0;22399;0;2752;0;9520;22399;2752;9520;34671
158726;87633;0;3572;0;0;0;87633;3572;0;91205
158727;22557;0;0;0;0;0;22557;0;0;22557
158728;0;257000;8000;10000;0;5400;257000;18000;5400;280400
158729;0;287931;0;48107;0;0;287931;48107;0;336038
158730;0;0;0;0;0;0;0;0;0;0
158731;0;0;0;1200;0;25667;0;1200;25667;26867
158732;0;0;0;12636;0;0;0;12636;0;12636
158733;0;0;0;0;0;120000;0;0;120000;120000
158734;133189;0;0;25057;0;0;133189;25057;0;158246
158736;0;37000;0;24706;0;0;37000;24706;0;61706
158737;0;12000;0;0;0;0;12000;0;0;12000
158738;0;25240.010000000002;0;0;0;0;25240.01;0;0;25240.01
158739;0;22800;0;0;0;0;22800;0;0;22800
158741;47574.36;0;0;0;0;0;47574.36;0;0;47574.36
158742;0;0;0;24000;0;0;0;24000;0;24000
158743;60000;0;0;0;0;19200;60000;0;19200;79200
158744;60000;0;0;0;0;0;60000;0;0;60000
158745;0;0;0;30000;0;2493.03;0;30000;2493.03;32493.03
158746;0;0;38400;0;0;0;0;38400;0;38400
158747;69490.75;57032.25;0;32987;0;39600;126523;32987;39600;199110
158748;0;14000;0;148569;0;0;14000;148569;0;162569
158749;0;0;0;0;0;30000;0;0;30000;30000
158750;0;0;0;85000;0;0;0;85000;0;85000
158751;19200;0;0;0;0;0;19200;0;0;19200
158752;20000;0;0;0;0;0;20000;0;0;20000
158755;0;0;0;0;0;18000;0;0;18000;18000
158757;85000;0;0;0;0;0;85000;0;0;85000
158758;0;18000;0;0;0;0;18000;0;0;18000
158759;0;36000;0;0;0;0;36000;0;0;36000
158630;26400;0;0;0;0;0;26400;0;0;26400
158631;62150;0;0;0;0;0;62150;0;0;62150
158632;0;0;0;28700;0;0;0;28700;0;28700
158633;0;0;0;500;0;21386;0;500;21386;21886
157907;144000;0;0;0;0;0;144000;0;0;144000
157908;24600;0;0;0;0;0;24600;0;0;24600
157909;108000;0;0;24000;0;0;108000;24000;0;132000
157910;0;0;45600;0;0;0;0;45600;0;45600
158181;41883;0;82411;0;0;0;41883;82411;0;124294
158182;0;0;76096;19500;0;0;0;95596;0;95596
158183;0;0;30000;0;0;5800;0;30000;5800;35800
158184;0;0;0;95596;0;0;0;95596;0;95596
158072;0;34280;0;0;0;0;34280;0;0;34280
158073;0;0;0;24000;0;0;0;24000;0;24000
158074;18600;0;0;0;0;0;18600;0;0;18600
159885;30000;0;0;0;0;0;30000;0;0;30000
159886;5300;0;0;0;0;0;5300;0;0;5300
159888;24000;0;0;0;0;0;24000;0;0;24000
160552;0;0;0;60000;0;0;0;60000;0;60000
160553;0;0;0;36000;0;0;0;36000;0;36000
160554;0;45000;0;0;0;0;45000;0;0;45000
160555;158384;0;0;0;0;0;158384;0;0;158384
161270;13747.92;0;15658.95;0;0;0;13747.92;15658.95;0;29406.87
161271;93696;0;0;0;0;0;93696;0;0;93696
161272;52800;0;0;0;0;0;52800;0;0;52800
161273;0;0;0;7000;0;0;0;7000;0;7000
161758;3934.51;400;0;0;0;0;4334.51;0;0;4334.51
160998;0;0;0;26000;0;0;0;26000;0;26000
160999;10860;0;0;0;0;18000;10860;0;18000;28860
161000;0;0;0;70000;0;10000;0;70000;10000;80000
159614;0;107402;0;155655;0;8278;107402;155655;8278;271335
159615;0;0;0;0;0;2000;0;0;2000;2000
159617;48000;0;13557;0;0;0;48000;13557;0;61557
159438;0;0;30000;0;0;0;0;30000;0;30000
159439;0;0;4000;0;2400;0;0;4000;2400;6400
160704;0;0;0;12000;0;0;0;12000;0;12000
160705;19200;0;0;4200;0;0;19200;4200;0;23400
160706;7032;0;0;36000;0;0;7032;36000;0;43032
159217;0;17032;0;145515;0;98300;17032;145515;98300;260847
161475;0;0;0;24000;0;0;0;24000;0;24000
161477;26880;0;0;0;0;0;26880;0;0;26880
161478;0;0;0;24000;0;0;0;24000;0;24000
161734;90000;0;0;0;0;0;90000;0;0;90000
161735;0;0;0;7000;0;0;0;7000;0;7000
161737;0;10200;0;0;0;14400;10200;0;14400;24600
160074;0;0;0;7798;0;0;0;7798;0;7798
160075;14000;0;0;0;0;0;14000;0;0;14000
159512;0;0;0;0;0;2000;0;0;2000;2000
159514;0;0;0;0;0;25000;0;0;25000;25000
159515;0;42;0;0;0;0;42;0;0;42
161238;2317;0;64722;0;0;57000;2317;64722;57000;124039
161239;0;158944.13;0;0;0;0;158944.13;0;0;158944.13
161240;0;0;0;0;0;53000;0;0;53000;53000
161241;0;0;0;0;0;0;0;0;0;0
158114;0;14322;0;0;0;0;14322;0;0;14322
158115;101800;0;0;0;4200;0;101800;0;4200;106000
158116;19844;0;5200;0;0;0;19844;5200;0;25044
158193;0;0;0;21600;0;0;0;21600;0;21600
158194;0;0;60000;0;0;0;0;60000;0;60000
158195;0;0;22500;10000;0;0;0;32500;0;32500
158196;0;28000;0;0;0;0;28000;0;0;28000
161749;0;14180;0;0;0;24000;14180;0;24000;38180
161751;0;0;0;0;0;30000;0;0;30000;30000
161752;24600;0;0;0;0;0;24600;0;0;24600
157911;173900;0;0;0;0;0;173900;0;0;173900
157912;8742.74;0;27062.55;0;0;0;8742.74;27062.55;0;35805.29
157913;0;49176.37;22000;0;0;0;49176.37;22000;0;71176.37
157914;55096;0;0;84380;0;0;55096;84380;0;139476
158700;0;40000;0;0;0;0;40000;0;0;40000
158701;0;21600;0;0;0;0;21600;0;0;21600
158703;18000;0;0;0;0;0;18000;0;0;18000
160556;181336;0;0;28000;0;0;181336;28000;0;209336
160558;0;0;0;0;0;900;0;0;900;900
160228;65935.68000000001;0;0;2500;0;0;65935.68;2500;0;68435.68
161628;0;20000;0;0;0;0;20000;0;0;20000
161629;0;0;0;21600;0;0;0;21600;0;21600
161630;18000;0;0;0;0;0;18000;0;0;18000
161631;0;0;0;21600;0;0;0;21600;0;21600
159231;0;60000;0;0;0;0;60000;0;0;60000
159233;0;30000;0;0;0;59548;30000;0;59548;89548
159234;16800;0;0;0;0;0;16800;0;0;16800
159417;0;0;11160;38783;0;0;0;49943;0;49943
159418;0;0;0;193355;0;0;0;193355;0;193355
159419;0;0;0;27500;0;0;0;27500;0;27500
159420;0;0;12600;7200;0;0;0;19800;0;19800
159426;11335.68;0;0;0;0;0;11335.68;0;0;11335.68
159427;25200;0;0;0;0;0;25200;0;0;25200
161184;15600;0;0;0;0;0;15600;0;0;15600
159431;6000;0;0;0;0;0;6000;0;0;6000
159433;56000;0;0;0;0;0;56000;0;0;56000
160321;10800;0;0;18000;14040;0;10800;18000;14040;42840
160321;10800;0;0;18000;14040;0;10800;18000;14040;42840
160322;0;0;0;19200;0;0;0;19200;0;19200
160232;77700;10000;0;24000;0;24000;87700;24000;24000;135700
160233;90000;15000;0;190500;0;0;105000;190500;0;295500
160234;22400;0;0;0;0;0;22400;0;0;22400
160235;11160;0;0;0;0;0;11160;0;0;11160
161343;0;0;5000;0;0;0;0;5000;0;5000
161344;0;0;0;0;0;42000;0;0;42000;42000
158850;2089;0;0;0;0;0;2089;0;0;2089
158851;5000;0;0;0;0;0;5000;0;0;5000
158852;20000;30000;0;0;0;0;50000;0;0;50000
160988;32091;12740;0;0;0;7200;44831;0;7200;52031
160989;72000;0;0;10000;0;0;72000;10000;0;82000
160991;0;0;0;12000;0;0;0;12000;0;12000
160991;0;0;0;12000;0;0;0;12000;0;12000
160768;0;0;0;12000;0;0;0;12000;0;12000
160770;0;0;0;223703.42;0;0;0;223703.42;0;223703.42
158989;66000;0;0;0;0;0;66000;0;0;66000
158990;0;60000;0;0;0;0;60000;0;0;60000
157915;0;1500;0;0;0;0;1500;0;0;1500
157916;30000;0;0;0;0;0;30000;0;0;30000
157917;0;6532;74030;0;0;0;6532;74030;0;80562
158624;0;0;0;18600;0;60000;0;18600;60000;78600
158625;0;0;0;22000;0;0;0;22000;0;22000
158626;0;0;0;10000;0;0;0;10000;0;10000
161472;0;0;0;10000;0;0;0;10000;0;10000
161473;0;0;0;36000;0;0;0;36000;0;36000
160560;60000;0;0;0;0;72000;60000;0;72000;132000
160561;0;0;0;18000;0;0;0;18000;0;18000
161555;0;0;0;54000;0;0;0;54000;0;54000
161556;0;0;0;24000;0;0;0;24000;0;24000
158414;0;0;0;10350;0;12000;0;10350;12000;22350
158415;30300;0;0;0;0;0;30300;0;0;30300
161024;15000;0;0;0;0;0;15000;0;0;15000
159319;2583;0;12000;1500;0;0;2583;13500;0;16083
160636;0;0;0;72000;0;0;0;72000;0;72000
160637;0;0;0;18000;0;20000;0;18000;20000;38000
160638;0;0;0;20750;0;0;0;20750;0;20750
161365;60000;0;0;10000;0;0;60000;10000;0;70000
160391;15400;0;0;0;0;0;15400;0;0;15400
160392;0;0;0;7500;0;0;0;7500;0;7500
158618;0;0;0;12000;0;24000;0;12000;24000;36000
158805;30620;0;0;0;51700;0;30620;0;51700;82320
158806;0;0;38543;0;0;0;0;38543;0;38543
157918;0;9100;0;0;0;52174;9100;0;52174;61274
157919;0;198994;0;0;0;0;198994;0;0;198994
157920;0;13524;0;9946;0;0;13524;9946;0;23470
161351;0;0;0;242956.52000000002;0;0;0;242956.52;0;242956.52
161353;0;0;18000;0;0;0;0;18000;0;18000
159027;0;11000;0;9000;0;17200;11000;9000;17200;37200
159028;32764.68;0;0;0;0;0;32764.68;0;0;32764.68
159029;0;0;11640;0;0;0;0;11640;0;11640
159031;0;0;0;18000;0;0;0;18000;0;18000
160563;0;15500;0;0;0;0;15500;0;0;15500
160564;343500;0;0;18000;0;0;343500;18000;0;361500
160565;0;9220;0;0;0;0;9220;0;0;9220
160565;0;13578;0;0;0;0;13578;0;0;13578
159489;24000;0;0;0;0;0;24000;0;0;24000
161899;0;0;0;36000;0;0;0;36000;0;36000
161900;0;0;0;18000;0;0;0;18000;0;18000
159805;15000;0;0;0;0;0;15000;0;0;15000
159806;108000;0;0;0;0;0;108000;0;0;108000
159219;0;0;15000;0;0;0;0;15000;0;15000
159221;21000;0;0;10000;0;0;21000;10000;0;31000
158923;0;0;5616.67;0;0;381.42;0;5616.67;381.42;5998.09
158925;0;0;12000;0;0;0;0;12000;0;12000
160772;0;0;500;24000;0;0;0;24500;0;24500
160773;0;0;14700;12000;0;0;0;26700;0;26700
159322;0;0;0;18500;0;0;0;18500;0;18500
159323;51144;0;0;0;0;0;51144;0;0;51144
159323;51144;0;0;0;0;0;51144;0;0;51144
159324;30240;0;0;96000;0;90000;30240;96000;90000;216240
160674;0;15784;0;1800;0;0;15784;1800;0;17584
160675;46116;0;0;0;0;0;46116;0;0;46116
161567;10452;0;0;0;0;0;10452;0;0;10452
161568;0;0;0;33600;0;0;0;33600;0;33600
159632;0;18000;0;0;0;0;18000;0;0;18000
160208;2167.2;0;0;0;0;0;2167.2;0;0;2167.2
158069;32760;0;0;0;0;0;32760;0;0;32760
158070;0;135000;0;0;0;7000;135000;0;7000;142000
158071;35200;0;0;0;0;0;35200;0;0;35200
161189;0;1440000;0;7800000;0;0;1440000;7800000;0;9240000
161190;0;0;0;24000;0;24000;0;24000;24000;48000
161191;68400;0;0;0;0;0;68400;0;0;68400
157949;76800;0;0;0;0;0;76800;0;0;76800
157950;0;48000;0;0;0;0;48000;0;0;48000
159661;0;11160;0;0;0;0;11160;0;0;11160
159662;0;0;26000;0;0;0;0;26000;0;26000
160958;13066.800000000001;0;0;0;0;0;13066.8;0;0;13066.8
158305;0;13200;0;0;0;0;13200;0;0;13200
158306;28800;0;0;0;0;0;28800;0;0;28800
158307;18300;0;0;0;0;0;18300;0;0;18300
160566;0;0;0;63404;49335;8050;0;63404;57385;120789
160567;72000;0;0;0;0;0;72000;0;0;72000
160568;4500;0;0;31500;0;0;4500;31500;0;36000
161094;0;5000;0;0;0;0;5000;0;0;5000
161768;0;0;0;32000;0;0;0;32000;0;32000
161769;0;0;0;0;0;0;0;0;0;0
161770;21000;0;0;0;0;0;21000;0;0;21000
158312;22800;0;0;0;0;0;22800;0;0;22800
158313;28800;0;0;0;0;0;28800;0;0;28800
158314;0;0;26400;0;40000;0;0;26400;40000;66400
158827;6750;0;0;0;0;0;6750;0;0;6750
158828;24000;0;6000;0;0;10000;24000;6000;10000;40000
161469;35000;0;49000;0;0;0;35000;49000;0;84000
161470;0;36000;0;13463;0;10000;36000;13463;10000;59463
161471;9200;0;5678;0;0;8400;9200;5678;8400;23278
159088;46800;0;0;0;0;0;46800;0;0;46800
161858;0;0;0;30000;0;0;0;30000;0;30000
161859;38455;0;34122;0;0;0;38455;34122;0;72577
161860;0;0;0;12000;0;0;0;12000;0;12000
159724;93600;0;0;0;0;0;93600;0;0;93600
159725;3500;0;0;0;0;0;3500;0;0;3500
159533;0;14400;0;0;0;0;14400;0;0;14400
159534;22000;0;0;0;0;0;22000;0;0;22000
158224;0;0;0;28570;0;0;0;28570;0;28570
160214;0;0;0;36000;0;0;0;36000;0;36000
160216;0;0;0;20000;0;0;0;20000;0;20000
160694;0;68000;0;0;0;0;68000;0;0;68000
160697;120000;0;0;0;0;0;120000;0;0;120000
160698;0;14400;0;0;0;0;14400;0;0;14400
160699;28800;0;0;0;0;5000;28800;0;5000;33800
160700;0;21270;0;0;0;39370;21270;0;39370;60640
157924;0;0;36000;36000;0;36000;0;72000;36000;108000
157925;0;0;36000;0;0;0;0;36000;0;36000
157926;39200;0;0;0;0;14400;39200;0;14400;53600
157927;25203.600000000002;0;0;0;0;0;25203.6;0;0;25203.6
157928;0;224000;0;0;0;0;224000;0;0;224000
157929;43200;0;0;0;0;0;43200;0;0;43200
157930;0;0;12590;0;0;0;0;12590;0;12590
159001;0;14400;0;0;0;0;14400;0;0;14400
159002;0;23020;0;10000;0;0;23020;10000;0;33020
159003;10000;0;0;0;0;0;10000;0;0;10000
159004;25200;0;0;0;0;0;25200;0;0;25200
158237;5500;0;0;0;0;0;5500;0;0;5500
158238;120000;0;0;0;0;0;120000;0;0;120000
158239;14040;0;108000;0;0;0;14040;108000;0;122040
158240;0;0;0;0;0;2500;0;0;2500;2500
158241;0;0;9000;11600;0;0;0;20600;0;20600
159793;0;0;49200;0;0;0;0;49200;0;49200
159794;0;72908;0;1392;0;0;72908;1392;0;74300
159795;0;0;0;3500;0;150000;0;3500;150000;153500
159796;0;7400;0;0;0;0;7400;0;0;7400
159797;0;4277728;0;0;0;0;4277728;0;0;4277728
160569;322606;0;0;0;0;53607;322606;0;53607;376213
160570;121991.12;0;0;0;0;0;121991.12;0;0;121991.12
160573;25524;0;0;0;0;0;25524;0;0;25524
160574;0;11068;0;41737;0;57600;11068;41737;57600;110405
160394;0;91000;0;0;0;75000;91000;0;75000;166000
160398;0;0;0;0;0;28800;0;0;28800;28800
160399;0;49200;0;0;0;0;49200;0;0;49200
160400;25320;0;0;0;0;0;25320;0;0;25320
161822;36000;0;0;0;60000;0;36000;0;60000;96000
161823;246500;0;0;0;0;0;246500;0;0;246500
161824;0;46800;0;0;0;0;46800;0;0;46800
161825;72000;0;0;0;0;0;72000;0;0;72000
161826;48160;0;0;0;0;0;48160;0;0;48160
161827;62796;0;0;0;0;0;62796;0;0;62796
158142;70800;0;0;0;0;0;70800;0;0;70800
158144;120000;0;0;0;0;0;120000;0;0;120000
158145;0;0;0;900;0;0;0;900;0;900
158146;0;0;4400;38425;0;0;0;42825;0;42825
158147;0;0;36000;0;0;0;0;36000;0;36000
158148;2400;7200;0;0;0;0;9600;0;0;9600
160933;0;0;0;0;0;48000;0;0;48000;48000
160934;65137;0;4000;414007;0;0;65137;418007;0;483144
160935;7000;0;16800;0;0;0;7000;16800;0;23800
160936;0;0;0;0;0;33600;0;0;33600;33600
160937;16000;0;16848;0;0;0;16000;16848;0;32848
160938;0;60000;0;0;0;0;60000;0;0;60000
160939;0;0;0;0;0;18000;0;0;18000;18000
160967;98300;0;0;0;0;54000;98300;0;54000;152300
160968;58200;84000;0;0;0;0;142200;0;0;142200
160969;40000;40000;0;0;0;0;80000;0;0;80000
161616;54264;0;0;0;0;0;54264;0;0;54264
161618;4210.52;0;0;0;0;0;4210.52;0;0;4210.52
161619;5200;0;0;0;0;0;5200;0;0;5200
161620;0;15000;0;0;0;0;15000;0;0;15000
159325;0;24934;0;12000;0;0;24934;12000;0;36934
159326;0;78279;0;0;0;12000;78279;0;12000;90279
159327;132986;0;0;0;12000;0;132986;0;12000;144986
159329;25000;0;0;0;0;0;25000;0;0;25000
159330;0;0;0;103000;0;0;0;103000;0;103000
158087;252000;0;0;0;0;0;252000;0;0;252000
158088;120000;0;0;0;10800;0;120000;0;10800;130800
158089;15600;24000;70000;0;0;0;39600;70000;0;109600
158090;128000;50000;0;20000;0;0;178000;20000;0;198000
158093;0;0;0;17000;0;0;0;17000;0;17000
159282;0;0;0;0;0;0;0;0;0;0
159283;0;0;22000;0;2000;0;0;22000;2000;24000
159285;56167.200000000004;0;0;0;0;54000;56167.2;0;54000;110167.2
159286;0;6279;0;65000;0;54312;6279;65000;54312;125591
159287;0;0;0;18000;0;0;0;18000;0;18000
159288;24000;10800;0;0;0;0;34800;0;0;34800
159499;36000;0;20840;2930;0;0;36000;23770;0;59770
159500;0;20000;0;12000;0;85000;20000;12000;85000;117000
159501;0;0;0;25000;0;0;0;25000;0;25000
159502;0;0;0;25000;0;0;0;25000;0;25000
158958;0;11160;0;18840;0;0;11160;18840;0;30000
158959;0;0;16000;67200;0;55320;0;83200;55320;138520
158960;0;0;0;42126;0;0;0;42126;0;42126
158963;0;24000;0;0;0;0;24000;0;0;24000
161001;0;0;0;25000;0;0;0;25000;0;25000
161003;15922;0;0;11072;0;0;15922;11072;0;26994
161005;25000;0;0;0;0;35000;25000;0;35000;60000
161006;29960;0;0;0;0;0;29960;0;0;29960
161007;0;10920;12800;0;0;0;10920;12800;0;23720
160758;25000;0;0;0;0;0;25000;0;0;25000
160759;0;20000;0;0;0;0;20000;0;0;20000
160760;0;12000;0;0;0;0;12000;0;0;12000
160763;0;20000;0;0;0;0;20000;0;0;20000
160350;75000;0;0;0;0;0;75000;0;0;75000
160351;6810;0;38364;0;0;0;6810;38364;0;45174
160352;0;0;0;24000;0;12200;0;24000;12200;36200
157931;0;30000;0;50000;0;150000;30000;50000;150000;230000
157931;0;0;0;30000;0;50000;0;30000;50000;80000
157932;23160;0;0;12000;0;12000;23160;12000;12000;47160
157957;0;0;0;27195;0;0;0;27195;0;27195
157957;0;0;0;27195;0;0;0;27195;0;27195
157935;25000;0;0;0;0;0;25000;0;0;25000
161078;58646;0;0;0;0;7000;58646;0;7000;65646
161079;0;0;0;0;0;25800;0;0;25800;25800
161080;0;0;0;22000;0;0;0;22000;0;22000
161081;60000;0;0;0;0;0;60000;0;0;60000
161082;0;0;0;0;0;50000;0;0;50000;50000
160653;0;0;0;36000;0;0;0;36000;0;36000
160654;0;0;13900;2000;0;0;0;15900;0;15900
160655;117000;0;5000;0;0;0;117000;5000;0;122000
160657;0;0;0;25000;0;0;0;25000;0;25000
161070;0;0;84625;16000;0;0;0;100625;0;100625
161071;27000;15800;0;0;0;0;42800;0;0;42800
161072;0;0;0;24000;0;7000;0;24000;7000;31000
161074;47400;0;0;0;0;0;47400;0;0;47400
159194;0;0;0;14400;0;0;0;14400;0;14400
160576;37805.450000000004;0;0;0;0;0;37805.45;0;0;37805.45
160577;0;0;0;0;0;30000;0;0;30000;30000
160578;0;0;0;80000;0;0;0;80000;0;80000
160580;0;0;0;8400;0;0;0;8400;0;8400
161989;4000;0;8610;0;0;0;4000;8610;0;12610
161990;0;0;2500;8700;0;0;0;11200;0;11200
161991;0;0;0;10000;0;0;0;10000;0;10000
161993;0;0;5100;0;0;23500;0;5100;23500;28600
161882;0;17000;3100;0;0;0;17000;3100;0;20100
161883;48000;0;0;0;3600;0;48000;0;3600;51600
161884;54360;0;0;30000;0;0;54360;30000;0;84360
161885;0;0;0;8000;0;0;0;8000;0;8000
161886;0;0;0;16800;0;0;0;16800;0;16800
160332;0;0;0;21600;0;0;0;21600;0;21600
160333;26800;20000;0;0;0;0;46800;0;0;46800
160334;0;32000;0;0;0;71640;32000;0;71640;103640
160336;43456;0;0;0;0;0;43456;0;0;43456
160316;35681.64;0;0;0;0;0;35681.64;0;0;35681.64
160317;0;56720;0;170141;0;60000;56720;170141;60000;286861
160318;75000;0;7000;5000;0;0;75000;12000;0;87000
160319;140000;0;0;0;0;0;140000;0;0;140000
160320;0;0;0;7800;0;0;0;7800;0;7800
159445;0;0;0;60000;0;0;0;60000;0;60000
159446;0;0;0;54000;0;0;0;54000;0;54000
159448;0;0;0;19200;0;0;0;19200;0;19200
160642;28800;0;0;0;12000;0;28800;0;12000;40800
160643;47320.8;34908.36;0;0;0;0;82229.16;0;0;82229.16
160645;30000;0;1000;0;8400;0;30000;1000;8400;39400
160646;24600;0;0;0;0;21600;24600;0;21600;46200
158428;0;0;20320;0;0;0;0;20320;0;20320
158431;0;0;0;18000;0;0;0;18000;0;18000
158969;20000;0;0;10000;0;0;20000;10000;0;30000
158971;38400;0;0;0;0;0;38400;0;0;38400
158972;0;0;0;18000;0;0;0;18000;0;18000
158973;0;35000;0;0;0;24000;35000;0;24000;59000
159968;0;40000;0;0;0;37500;40000;0;37500;77500
159969;0;0;3500;0;0;0;0;3500;0;3500
159970;0;0;0;0;0;15600;0;0;15600;15600
159971;0;0;0;4800;0;0;0;4800;0;4800
159972;0;0;0;0;0;12000;0;0;12000;12000
160210;0;60000;0;0;0;0;60000;0;0;60000
160211;0;18000;0;15000;0;5000;18000;15000;5000;38000
160212;0;0;0;9600;0;0;0;9600;0;9600
160213;0;0;0;10800;0;0;0;10800;0;10800
160156;0;0;0;0;0;12000;0;0;12000;12000
160157;0;0;0;0;0;84000;0;0;84000;84000
160158;0;18000;0;0;0;18000;18000;0;18000;36000
160159;0;24429.48;0;0;0;0;24429.48;0;0;24429.48
160160;0;19200;0;0;0;0;19200;0;0;19200
158886;0;151345;0;0;0;0;151345;0;0;151345
158887;24147;0;0;0;0;0;24147;0;0;24147
158888;0;0;0;11160;0;0;0;11160;0;11160
161148;0;0;0;0;0;250296;0;0;250296;250296
161149;0;0;0;60000;0;0;0;60000;0;60000
161150;0;48000;0;0;0;12000;48000;0;12000;60000
161151;59596;0;0;0;0;0;59596;0;0;59596
157936;0;25845.27;0;0;0;35852;25845.27;0;35852;61697.27
157937;21300;26660;0;0;0;0;47960;0;0;47960
157938;27300;0;0;0;0;0;27300;0;0;27300
157939;0;0;0;0;0;35000;0;0;35000;35000
159353;0;0;0;60000;0;0;0;60000;0;60000
159354;0;14400;0;0;0;0;14400;0;0;14400
159355;0;0;0;18000;0;12000;0;18000;12000;30000
159356;0;0;0;10200;0;0;0;10200;0;10200
158185;12000;0;0;0;0;0;12000;0;0;12000
161277;0;48000;0;0;0;0;48000;0;0;48000
161280;30000;0;0;0;0;0;30000;0;0;30000
158583;0;0;0;0;0;14000;0;0;14000;14000
160584;45000;0;0;0;0;0;45000;0;0;45000
160585;356614.4;0;0;0;0;0;356614.4;0;0;356614.4
160586;24000;0;0;0;0;0;24000;0;0;24000
158203;10500;0;0;0;0;0;10500;0;0;10500
158204;0;0;0;5000;0;3000;0;5000;3000;8000
158205;0;0;0;18000;0;0;0;18000;0;18000
161797;0;35000;0;0;0;0;35000;0;0;35000
158049;0;21600;0;0;0;0;21600;0;0;21600
159463;65500;0;0;45300;0;0;65500;45300;0;110800
159464;0;0;0;2500;0;0;0;2500;0;2500
159466;0;10152;0;0;0;0;10152;0;0;10152
158996;0;0;0;0;0;42000;0;0;42000;42000
158997;0;0;25000;0;0;10000;0;25000;10000;35000
159148;0;10000;0;0;0;0;10000;0;0;10000
159149;0;18000;0;0;0;0;18000;0;0;18000
159150;0;10500;0;0;0;0;10500;0;0;10500
159338;0;14000;0;0;0;0;14000;0;0;14000
159339;0;0;0;120000;0;0;0;120000;0;120000
159340;0;0;0;96000;0;0;0;96000;0;96000
158943;0;0;0;31200;0;0;0;31200;0;31200
158691;0;0;0;24000;0;0;0;24000;0;24000
158692;0;0;0;48000;0;0;0;48000;0;48000
158693;0;0;0;72000;0;0;0;72000;0;72000
160764;0;0;0;0;0;13590;0;0;13590;13590
161558;134288;0;0;0;21060;0;134288;0;21060;155348
158122;0;0;42000;0;0;0;0;42000;0;42000
158123;0;12053;0;0;0;175081;12053;0;175081;187134
158124;26400;0;0;0;0;0;26400;0;0;26400
160161;11700;240000;0;0;0;15000;251700;0;15000;266700
160162;0;16800;0;0;0;9600;16800;0;9600;26400
160162;0;16800;0;0;0;9600;16800;0;9600;26400
160163;36000;0;0;0;0;0;36000;0;0;36000
160164;42000;0;0;0;0;0;42000;0;0;42000
161370;0;53783.07;0;0;0;0;53783.07;0;0;53783.07
161371;0;40000;0;82000;0;0;40000;82000;0;122000
161372;12000;0;0;12000;0;0;12000;12000;0;24000
157941;32172;0;0;0;0;0;32172;0;0;32172
157942;66000;0;0;0;0;0;66000;0;0;66000
160236;0;24000;0;10000;0;6000;24000;10000;6000;40000
160237;0;0;18000;0;0;0;0;18000;0;18000
160238;30000;0;6000;0;0;0;30000;6000;0;36000
159604;40421.64;0;0;0;0;0;40421.64;0;0;40421.64
159605;1700;0;0;0;0;0;1700;0;0;1700
159606;0;2666.4;0;0;0;0;2666.4;0;0;2666.4
159811;122246;0;0;0;0;0;122246;0;0;122246
159812;43200;0;0;0;0;0;43200;0;0;43200
159813;0;0;0;18500;0;0;0;18500;0;18500
160588;0;0;0;24000;0;40000;0;24000;40000;64000
160590;0;0;0;24000;0;0;0;24000;0;24000
158621;0;0;3402;2000;0;0;0;5402;0;5402
158621;0;0;3402;2000;0;0;0;5402;0;5402
158623;24860;0;787;35265;0;0;24860;36052;0;60912
161588;0;0;0;0;0;42000;0;0;42000;42000
161589;0;12350;0;0;0;0;12350;0;0;12350
161589;0;48000;0;0;0;0;48000;0;0;48000
161590;0;0;0;11040;0;0;0;11040;0;11040
160303;0;0;0;24000;0;0;0;24000;0;24000
160304;0;0;0;12000;0;0;0;12000;0;12000
160305;0;0;0;25000;0;0;0;25000;0;25000
161373;37080;0;0;0;0;0;37080;0;0;37080
161374;0;11160;0;3500;0;0;11160;3500;0;14660
161375;58310;0;0;0;0;0;58310;0;0;58310
160082;180000;0;0;0;0;0;180000;0;0;180000
160083;8000;0;0;0;0;0;8000;0;0;8000
159374;54000;0;0;0;0;0;54000;0;0;54000
159375;43896;0;0;0;0;9006.72;43896;0;9006.72;52902.72
159376;0;0;14400;0;0;0;0;14400;0;14400
159435;56267;0;0;48736;0;0;56267;48736;0;105003
159436;0;0;0;36000;0;10800;0;36000;10800;46800
159437;25000;0;0;10000;0;0;25000;10000;0;35000
159750;0;0;0;0;46800;2400;0;0;49200;49200
159751;0;0;0;60000;0;0;0;60000;0;60000
159752;0;0;0;18000;0;0;0;18000;0;18000
158126;0;1800;0;0;0;20000;1800;0;20000;21800
158127;0;0;0;10000;0;18000;0;10000;18000;28000
158128;0;29752;0;3070;0;0;29752;3070;0;32822
161747;0;0;0;47700;0;0;0;47700;0;47700
161748;0;0;0;18000;0;0;0;18000;0;18000
159879;0;12000;0;0;0;0;12000;0;0;12000
159880;33000;0;20000;5000;0;32000;33000;25000;32000;90000
159881;14400;0;0;0;0;0;14400;0;0;14400
159475;0;0;0;0;0;17500;0;0;17500;17500
159476;0;0;0;42000;0;0;0;42000;0;42000
159477;24500;0;0;0;0;18000;24500;0;18000;42500
159876;0;0;0;36000;0;0;0;36000;0;36000
159877;28080;0;0;0;0;0;28080;0;0;28080
160639;0;345299;0;0;0;0;345299;0;0;345299
160640;0;0;29033.52;0;0;0;0;29033.52;0;29033.52
160641;17424.6;0;0;0;0;0;17424.6;0;0;17424.6
157943;165315;0;0;4500;0;0;165315;4500;0;169815
157944;0;33600;0;0;0;80000;33600;0;80000;113600
157945;0;0;0;0;0;71500;0;0;71500;71500
159867;43896;0;0;0;0;0;43896;0;0;43896
159869;0;0;0;18000;0;0;0;18000;0;18000
160926;0;0;0;0;10000;30000;0;0;40000;40000
160927;0;0;0;50000;0;80000;0;50000;80000;130000
160928;0;0;0;0;0;10000;0;0;10000;10000
161805;0;20700;0;0;0;0;20700;0;0;20700
161806;0;24000;0;0;0;0;24000;0;0;24000
161807;0;12000;0;0;0;0;12000;0;0;12000
160591;0;0;0;9373;0;0;0;9373;0;9373
160592;0;0;0;0;0;136652;0;0;136652;136652
160593;0;11160;0;0;0;6000;11160;0;6000;17160
159442;74813;0;0;25858;0;0;74813;25858;0;100671
159443;25261;0;0;0;0;0;25261;0;0;25261
161359;61300;0;0;0;0;0;61300;0;0;61300
161360;16960;0;0;0;0;0;16960;0;0;16960
158711;51000;0;0;9000;0;0;51000;9000;0;60000
160112;0;12940;0;0;0;0;12940;0;0;12940
160113;0;12000;0;21700;0;4720;12000;21700;4720;38420
159450;0;13020;0;0;0;0;13020;0;0;13020
160071;0;0;18000;0;0;0;0;18000;0;18000
160072;15600;0;0;18000;0;0;15600;18000;0;33600
159156;15600;50000;0;0;0;0;65600;0;0;65600
159158;48486.24;0;0;0;0;0;48486.24;0;0;48486.24
159158;48486.24;0;0;0;0;0;48486.24;0;0;48486.24
159700;0;1200;0;0;0;0;1200;0;0;1200
159701;0;28000;0;0;0;0;28000;0;0;28000
159702;0;1200;0;0;0;0;1200;0;0;1200
159702;0;1200;0;0;0;0;1200;0;0;1200
158847;24897.96;66000;0;0;0;0;90897.96;0;0;90897.96
158848;0;0;24000;0;0;0;0;24000;0;24000
158849;28801.440000000002;0;0;0;0;0;28801.44;0;0;28801.44
161613;0;4588;0;63180;0;0;4588;63180;0;67768
161186;28752;0;0;0;0;25038;28752;0;25038;53790
161187;0;24000;0;0;0;0;24000;0;0;24000
161188;0;0;0;15000;0;0;0;15000;0;15000
157866;0;36000;0;0;0;0;36000;0;0;36000
157867;36000;0;0;0;0;0;36000;0;0;36000
157868;0;0;113267;0;30030;90973.23;0;113267;121003.23;234270.23
157869;15000;0;0;0;0;0;15000;0;0;15000
161508;0;0;2230;0;0;0;0;2230;0;2230
160416;0;0;0;30000;0;0;0;30000;0;30000
158856;0;70000;0;0;0;0;70000;0;0;70000
158857;13435.83;28600;0;0;0;0;42035.83;0;0;42035.83
158463;1239;0;0;0;1300;0;1239;0;1300;2539
160474;0;0;0;42000;0;0;0;42000;0;42000
160474;0;0;0;42000;0;0;0;42000;0;42000
160475;54377.07;0;0;0;0;0;54377.07;0;0;54377.07
160476;96400;0;0;0;0;0;96400;0;0;96400
160477;77012.04000000001;0;0;0;0;0;77012.04;0;0;77012.04
158206;0;0;0;0;0;4980;0;0;4980;4980
158208;0;26400;0;0;0;0;26400;0;0;26400
161705;17000;40000;10000;0;50000;0;57000;10000;50000;117000
161707;5680;0;0;0;0;0;5680;0;0;5680
161708;0;18000;0;0;0;0;18000;0;0;18000
158935;0;12780;39780;700;0;308455;12780;40480;308455;361715
158936;0;0;0;0;0;100000;0;0;100000;100000
158937;0;0;0;14000;0;0;0;14000;0;14000
158938;0;0;24000;0;0;0;0;24000;0;24000
159789;0;0;0;17280;0;0;0;17280;0;17280
159790;0;0;0;1300;0;0;0;1300;0;1300
159791;0;128915;0;0;0;0;128915;0;0;128915
158919;325040.8;0;0;0;0;0;325040.8;0;0;325040.8
158921;0;15000;0;0;0;0;15000;0;0;15000
158922;0;15000;0;0;0;0;15000;0;0;15000
161030;72000;0;0;96000;0;0;72000;96000;0;168000
161031;0;12000;0;0;0;18000;12000;0;18000;30000
161032;0;0;0;18000;0;0;0;18000;0;18000
159211;100344;0;0;24500;0;251400;100344;24500;251400;376244
159212;40850;0;0;0;0;0;40850;0;0;40850
159213;195;0;138620;0;0;0;195;138620;0;138815
159214;0;18000;0;0;0;0;18000;0;0;18000
159357;0;50000;0;0;0;0;50000;0;0;50000
159360;0;12000;29100;0;0;0;12000;29100;0;41100
158965;89912;0;0;0;0;0;89912;0;0;89912
158966;0;0;0;2500;0;0;0;2500;0;2500
158967;0;0;0;18000;0;0;0;18000;0;18000
158968;0;0;0;0;0;18000;0;0;18000;18000
158911;0;0;0;71985.57;0;0;0;71985.57;0;71985.57
158912;0;48000;0;0;0;0;48000;0;0;48000
158914;0;23500;0;0;0;0;23500;0;0;23500
161596;0;18000;0;0;0;0;18000;0;0;18000
161597;0;120000;0;0;0;0;120000;0;0;120000
161598;0;0;18000;0;0;0;0;18000;0;18000
157958;295606.4;0;0;0;0;62871.61;295606.4;0;62871.61;358478.01
157959;81000;0;0;0;0;0;81000;0;0;81000
157960;0;30000;0;0;0;0;30000;0;0;30000
158527;0;10000;0;0;0;0;10000;0;0;10000
158528;0;0;0;48000;0;0;0;48000;0;48000
158529;0;0;0;30000;0;0;0;30000;0;30000
158530;24000;0;0;0;0;0;24000;0;0;24000
158132;40000;0;0;0;0;0;40000;0;0;40000
158133;0;11160;0;0;39780;0;11160;0;39780;50940
158134;0;0;0;0;39780;0;0;0;39780;39780
161655;0;13550;0;0;0;0;13550;0;0;13550
161656;0;24000;0;0;0;0;24000;0;0;24000
158835;0;0;0;14150;0;0;0;14150;0;14150
158836;0;0;0;0;0;154800;0;0;154800;154800
161267;18000;0;0;0;0;0;18000;0;0;18000
161268;0;0;18000;0;0;0;0;18000;0;18000
158818;24000;0;0;0;0;0;24000;0;0;24000
158819;50094.770000000004;0;0;0;0;0;50094.77;0;0;50094.77
159094;54000;0;0;0;0;0;54000;0;0;54000
159095;0;18000;0;0;0;0;18000;0;0;18000
159096;54000;0;4320;0;0;0;54000;4320;0;58320
159083;0;0;0;48000;0;0;0;48000;0;48000
160594;0;0;0;18000;0;0;0;18000;0;18000
160595;93250;0;0;18000;0;4689.4800000000005;93250;18000;4689.48;115939.48
160581;47688;0;37104;0;0;2000;47688;37104;2000;86792
160955;0;397040;0;0;0;11772;397040;0;11772;408812
160957;15000;0;0;0;0;0;15000;0;0;15000
158540;0;0;0;24000;0;10000;0;24000;10000;34000
158541;0;0;18000;0;0;0;0;18000;0;18000
159309;0;0;0;60000;0;0;0;60000;0;60000
159310;6888;0;27722;21870;0;0;6888;49592;0;56480
159311;0;0;24000;0;0;0;0;24000;0;24000
158939;94560;0;0;0;0;0;94560;0;0;94560
159342;0;0;0;42000;0;0;0;42000;0;42000
159344;0;30000;0;0;0;0;30000;0;0;30000
161166;8000;0;0;0;0;0;8000;0;0;8000
161167;0;0;0;60000;0;0;0;60000;0;60000
160701;0;0;0;0;0;24000;0;0;24000;24000
160702;24000;18000;0;0;0;0;42000;0;0;42000
159873;20000;0;0;0;0;0;20000;0;0;20000
159874;0;14400;0;0;0;0;14400;0;0;14400
159875;32200;0;0;28000;0;0;32200;28000;0;60200
160279;0;0;0;18000;0;0;0;18000;0;18000
160280;15538;0;165443;0;0;0;15538;165443;0;180981
160281;0;0;0;26400;0;0;0;26400;0;26400
